Route_Number,Hour,Headway_min
7,0,3.4
7,1,7.5
7,5,4.4
7,6,2.3
7,7,2.1
7,8,2.1
7,9,2.1
7,10,2.4
7,11,2.2
7,12,2.0
7,13,2.0
7,14,2.4
7,15,2.5
7,16,2.5
7,17,2.5
7,18,2.5
7,19,2.5
7,20,2.4
7,21,2.4
7,22,2.5
7,23,3.2
8,0,3.9
8,1,4.1
8,2,1.0
8,5,3.8
8,6,3.5
8,7,3.6
8,8,3.3
8,9,4.2
8,10,4.1
8,11,4.2
8,12,4.5
8,13,4.9
8,14,5.1
8,15,4.5
8,16,4.5
8,17,4.3
8,18,4.4
8,19,3.9
8,20,3.9
8,21,3.9
8,22,3.9
8,23,3.9
9,0,4.6
9,1,1.8
9,5,9.0
9,6,7.3
9,7,3.7
9,8,3.5
9,9,4.6
9,10,3.9
9,11,3.7
9,12,4.0
9,13,4.4
9,14,4.4
9,15,3.3
9,16,3.4
9,17,3.9
9,18,3.5
9,19,3.9
9,20,3.5
9,21,3.1
9,22,4.0
9,23,4.7
10,5,11.3
10,6,15.0
10,7,15.0
10,8,15.0
10,9,15.0
10,14,15.0
10,15,15.0
10,16,15.0
10,17,15.0
10,18,15.0
11,0,3.2
11,1,3.0
11,5,6.0
11,6,2.7
11,7,2.4
11,8,2.6
11,9,2.4
11,10,2.6
11,11,2.4
11,12,2.5
11,13,2.5
11,14,2.2
11,15,2.3
11,16,2.4
11,17,2.4
11,18,3.0
11,19,2.8
11,20,2.6
11,21,2.4
11,22,2.6
11,23,3.1
12,0,5.0
12,1,14.0
12,2,12.0
12,5,3.8
12,6,3.0
12,7,3.1
12,8,2.8
12,9,2.3
12,10,2.3
12,11,2.3
12,12,2.5
12,13,2.7
12,14,2.2
12,15,2.5
12,16,2.5
12,17,2.5
12,18,2.5
12,19,2.7
12,20,2.7
12,21,2.7
12,22,4.2
12,23,5.0
13,0,12.5
13,1,9.0
13,5,1.0
13,6,5.9
13,7,5.1
13,8,4.4
13,9,6.2
13,10,7.8
13,11,7.6
13,12,5.6
13,13,4.9
13,14,6.2
13,15,5.3
13,16,6.2
13,17,4.5
13,18,4.4
13,19,7.1
13,20,6.8
13,21,10.4
13,22,9.0
13,23,12.5
14,0,5.1
14,1,3.5
14,5,4.3
14,6,4.6
14,7,4.4
14,8,4.6
14,9,4.4
14,10,5.4
14,11,4.4
14,12,5.3
14,13,5.0
14,14,4.9
14,15,5.3
14,16,4.3
14,17,4.2
14,18,4.8
14,19,5.4
14,20,6.1
14,21,5.5
14,22,4.2
14,23,4.5
15,0,12.7
15,1,15.0
15,5,6.0
15,6,5.0
15,7,4.6
15,8,4.6
15,9,7.9
15,10,10.2
15,11,7.3
15,12,7.9
15,13,6.7
15,14,5.0
15,15,5.2
15,16,6.0
15,17,4.7
15,18,4.9
15,19,15.0
15,20,25.0
15,21,25.0
15,22,11.0
15,23,12.7
16,0,4.3
16,1,10.8
16,5,3.8
16,6,2.8
16,7,2.4
16,8,3.7
16,9,2.9
16,10,2.9
16,11,2.7
16,12,3.7
16,13,5.0
16,14,5.0
16,15,5.0
16,16,5.0
16,17,5.0
16,18,4.6
16,19,2.9
16,20,2.9
16,21,2.9
16,22,3.7
16,23,4.0
17,0,3.8
17,1,5.8
17,5,3.8
17,6,2.9
17,7,2.9
17,8,2.9
17,9,3.4
17,10,4.2
17,11,3.5
17,12,3.8
17,13,3.8
17,14,3.3
17,15,2.8
17,16,3.4
17,17,3.0
17,18,3.6
17,19,4.2
17,20,4.4
17,21,4.4
17,22,3.7
17,23,4.0
18,0,7.4
18,5,3.4
18,6,3.4
18,7,3.2
18,8,3.6
18,9,4.3
18,10,4.5
18,11,3.2
18,12,3.4
18,13,3.7
18,14,3.6
18,15,3.5
18,16,3.1
18,17,2.8
18,18,3.4
18,19,4.5
18,20,5.1
18,21,4.2
18,22,7.4
18,23,7.4
19,0,4.9
19,1,14.5
19,5,6.2
19,6,4.5
19,7,4.2
19,8,4.3
19,9,5.1
19,10,4.5
19,11,5.1
19,12,3.8
19,13,5.7
19,14,4.3
19,15,4.5
19,16,5.8
19,17,4.2
19,18,4.1
19,19,5.8
19,20,4.3
19,21,4.9
19,22,5.5
19,23,5.1
20,0,6.4
20,1,10.0
20,5,4.5
20,6,4.4
20,7,3.7
20,8,3.9
20,9,3.9
20,10,4.0
20,11,3.6
20,12,3.6
20,13,3.8
20,14,3.2
20,15,2.7
20,16,3.2
20,17,2.9
20,18,3.7
20,19,5.0
20,20,4.8
20,21,5.6
20,22,6.9
20,23,7.9
21,0,4.2
21,1,7.0
21,5,9.0
21,6,5.8
21,7,3.6
21,8,4.2
21,9,3.6
21,10,3.6
21,11,3.9
21,12,4.3
21,13,4.1
21,14,4.5
21,15,3.6
21,16,3.1
21,17,3.4
21,18,4.0
21,19,3.6
21,20,4.0
21,21,3.6
21,22,3.6
21,23,3.7
22,0,2.6
22,1,3.9
22,2,8.0
22,5,4.8
22,6,4.5
22,7,2.8
22,8,1.7
22,9,2.0
22,10,1.9
22,11,1.8
22,12,1.8
22,13,1.9
22,14,1.7
22,15,1.8
22,16,1.9
22,17,1.7
22,18,1.8
22,19,1.9
22,20,1.7
22,21,2.5
22,22,2.6
22,23,2.6
23,0,3.9
23,1,4.5
23,5,5.9
23,6,2.3
23,7,2.3
23,8,1.8
23,9,2.2
23,10,2.3
23,11,2.8
23,12,2.5
23,13,2.5
23,14,2.4
23,15,2.5
23,16,2.5
23,17,2.5
23,18,2.3
23,19,2.4
23,20,2.3
23,21,2.3
23,22,3.1
23,23,3.9
24,0,1.9
24,1,9.0
24,2,15.0
24,4,2.0
24,5,3.7
24,6,2.1
24,7,1.7
24,8,1.8
24,9,2.0
24,10,2.0
24,11,2.2
24,12,1.6
24,13,1.6
24,14,1.6
24,15,1.7
24,16,1.7
24,17,1.8
24,18,1.7
24,19,1.8
24,20,2.0
24,21,1.9
24,22,1.7
24,23,2.1
25,0,3.2
25,1,6.7
25,2,7.5
25,5,2.0
25,6,2.1
25,7,1.8
25,8,1.8
25,9,1.5
25,10,1.8
25,11,1.7
25,12,1.6
25,13,1.7
25,14,1.6
25,15,1.5
25,16,1.5
25,17,1.4
25,18,1.4
25,19,1.9
25,20,1.7
25,21,1.8
25,22,2.9
25,23,3.2
26,0,5.8
26,1,4.5
26,2,8.0
26,5,7.7
26,6,6.6
26,7,5.0
26,8,3.5
26,9,4.1
26,10,4.1
26,11,3.2
26,12,4.3
26,13,4.0
26,14,5.5
26,15,4.6
26,16,5.1
26,17,4.5
26,18,5.6
26,19,4.8
26,20,4.4
26,21,4.7
26,22,6.2
26,23,6.0
27,0,10.0
27,1,7.4
27,2,7.5
27,5,3.1
27,6,2.0
27,7,1.8
27,8,3.1
27,9,5.1
27,10,5.1
27,11,5.1
27,12,2.6
27,13,2.4
27,14,2.2
27,15,2.6
27,16,2.6
27,17,3.5
27,18,3.3
27,19,2.6
27,20,2.6
27,21,2.6
27,22,10.0
27,23,10.0
28,0,5.7
28,1,4.0
28,6,5.2
28,7,4.8
28,8,4.6
28,9,4.2
28,10,5.4
28,11,4.3
28,12,4.0
28,13,4.1
28,14,4.7
28,15,4.0
28,16,3.8
28,17,3.9
28,18,4.9
28,19,4.0
28,20,3.9
28,21,4.6
28,22,4.1
28,23,4.3
29,0,2.1
29,1,6.4
29,5,3.2
29,6,2.7
29,7,1.7
29,8,1.9
29,9,2.0
29,10,2.0
29,11,1.7
29,12,1.2
29,13,1.2
29,14,1.2
29,15,1.2
29,16,1.2
29,17,1.2
29,18,1.3
29,19,1.6
29,20,1.6
29,21,1.6
29,22,2.1
29,23,2.1
30,0,5.9
30,5,4.5
30,6,6.2
30,7,6.2
30,8,3.5
30,9,4.5
30,10,4.2
30,11,4.2
30,12,4.5
30,13,4.4
30,14,4.5
30,15,4.7
30,16,4.7
30,17,4.6
30,18,4.5
30,19,4.0
30,20,3.9
30,21,5.3
30,22,4.7
30,23,4.6
31,0,20.0
31,1,15.0
31,5,6.8
31,6,2.9
31,7,2.3
31,8,2.4
31,9,2.9
31,10,3.1
31,11,3.1
31,12,2.9
31,13,2.9
31,14,2.9
31,15,2.9
31,16,2.9
31,17,2.9
31,18,2.9
31,19,3.1
31,20,2.9
31,21,2.9
31,22,12.5
31,23,20.0
32,0,7.3
32,5,10.0
32,6,3.8
32,7,2.5
32,8,3.5
32,9,3.5
32,10,3.9
32,11,3.9
32,12,3.6
32,13,2.7
32,14,4.8
32,15,5.3
32,16,5.3
32,17,5.3
32,18,5.3
32,19,4.6
32,20,6.6
32,21,6.6
32,22,6.4
32,23,7.3
33,0,13.7
33,1,11.0
33,5,2.0
33,6,6.1
33,7,4.2
33,8,4.8
33,9,5.5
33,10,6.3
33,11,6.3
33,12,6.3
33,13,6.3
33,14,6.3
33,15,4.6
33,16,4.9
33,17,5.4
33,18,4.2
33,19,8.6
33,20,8.6
33,21,8.6
33,22,14.0
33,23,14.0
34,0,8.6
34,1,3.0
34,5,7.0
34,6,4.2
34,7,3.3
34,8,2.9
34,9,3.3
34,10,3.6
34,11,3.0
34,12,3.8
34,13,4.5
34,14,8.4
34,15,8.4
34,16,8.4
34,17,8.4
34,18,8.3
34,19,7.2
34,20,8.8
34,21,8.8
34,22,8.6
34,23,8.6
35,0,3.9
35,1,7.2
35,2,15.0
35,5,2.0
35,6,1.6
35,7,1.4
35,8,1.9
35,9,1.8
35,10,1.7
35,11,1.6
35,12,1.6
35,13,1.5
35,14,1.5
35,15,1.5
35,16,1.4
35,17,1.6
35,18,1.5
35,19,1.6
35,20,1.7
35,21,1.9
35,22,2.8
35,23,3.7
36,0,3.3
36,1,6.1
36,2,9.0
36,5,2.0
36,6,2.0
36,7,1.8
36,8,1.5
36,9,1.4
36,10,1.3
36,11,1.3
36,12,1.3
36,13,1.2
36,14,1.2
36,15,1.2
36,16,1.2
36,17,1.3
36,18,1.2
36,19,1.9
36,20,1.9
36,21,1.7
36,22,2.8
36,23,3.3
37,0,4.1
37,1,5.0
37,2,7.5
37,4,5.5
37,5,2.5
37,6,2.0
37,7,2.1
37,8,2.2
37,9,2.2
37,10,2.0
37,11,2.1
37,12,2.0
37,13,2.0
37,14,2.0
37,15,2.1
37,16,2.2
37,17,2.3
37,18,2.3
37,19,2.8
37,20,3.0
37,21,2.4
37,22,3.8
37,23,4.1
38,0,3.4
38,1,5.7
38,5,4.0
38,6,3.1
38,7,3.1
38,8,2.7
38,9,2.8
38,10,2.2
38,11,2.2
38,12,2.3
38,13,2.3
38,14,2.1
38,15,2.2
38,16,2.2
38,17,2.2
38,18,2.2
38,19,2.4
38,20,2.4
38,21,2.5
38,22,3.3
38,23,3.4
39,0,1.7
39,1,4.2
39,2,9.7
39,4,3.2
39,5,2.2
39,6,1.8
39,7,1.8
39,8,1.7
39,9,1.8
39,10,1.7
39,11,1.9
39,12,1.7
39,13,1.6
39,14,1.6
39,15,1.8
39,16,1.6
39,17,1.9
39,18,1.8
39,19,1.8
39,20,1.6
39,21,1.6
39,22,1.8
39,23,1.9
40,0,5.3
40,1,1.0
40,5,4.5
40,6,2.6
40,7,2.2
40,8,2.5
40,9,2.4
40,10,2.6
40,11,2.5
40,12,2.4
40,13,2.0
40,14,2.1
40,15,2.8
40,16,2.6
40,17,2.6
40,18,2.6
40,19,2.5
40,20,3.2
40,21,2.8
40,22,4.4
40,23,5.3
41,0,4.3
41,1,15.0
41,5,2.8
41,6,2.6
41,7,2.2
41,8,2.2
41,9,2.2
41,10,2.4
41,11,1.7
41,12,2.1
41,13,2.0
41,14,2.1
41,15,2.0
41,16,2.1
41,17,2.0
41,18,2.1
41,19,2.0
41,20,2.0
41,21,2.2
41,22,4.2
41,23,3.8
42,0,3.9
42,1,20.0
42,5,7.8
42,6,2.6
42,7,2.4
42,8,2.8
42,9,3.5
42,10,3.9
42,11,3.1
42,12,3.2
42,13,3.2
42,14,3.2
42,15,3.2
42,16,3.2
42,17,3.2
42,18,3.5
42,19,3.1
42,20,3.3
42,21,2.8
42,22,3.4
42,23,3.3
43,0,3.4
43,1,3.3
43,2,5.0
43,5,2.2
43,6,1.8
43,7,1.6
43,8,1.4
43,9,1.6
43,10,1.6
43,11,1.5
43,12,1.4
43,13,1.4
43,14,1.5
43,15,1.5
43,16,1.4
43,17,1.4
43,18,1.3
43,19,1.6
43,20,1.6
43,21,1.6
43,22,1.8
43,23,3.4
44,0,2.0
44,1,5.2
44,2,7.5
44,5,2.8
44,6,2.0
44,7,1.8
44,8,1.8
44,9,1.8
44,10,1.8
44,11,1.9
44,12,1.8
44,13,1.9
44,14,1.8
44,15,1.7
44,16,1.8
44,17,1.8
44,18,1.8
44,19,1.9
44,20,1.9
44,21,1.8
44,22,2.5
44,23,2.0
45,0,2.2
45,1,3.4
45,2,4.8
45,4,10.0
45,5,4.4
45,6,2.5
45,7,2.3
45,8,1.9
45,9,2.0
45,10,1.9
45,11,1.8
45,12,2.0
45,13,2.3
45,14,2.0
45,15,2.1
45,16,1.8
45,17,1.9
45,18,2.2
45,19,2.0
45,20,2.2
45,21,2.5
45,22,1.9
45,23,2.4
46,0,6.8
46,1,15.0
46,5,5.0
46,6,4.7
46,7,3.8
46,8,3.7
46,9,3.8
46,10,4.6
46,11,4.1
46,12,5.0
46,13,4.8
46,14,4.5
46,15,4.2
46,16,5.9
46,17,5.6
46,18,5.1
46,19,6.7
46,20,6.6
46,21,6.2
46,22,7.7
46,23,6.6
47,0,3.0
47,1,3.3
47,2,4.5
47,5,4.4
47,6,1.4
47,7,1.5
47,8,1.3
47,9,1.3
47,10,1.3
47,11,1.2
47,12,1.2
47,13,1.2
47,14,1.1
47,15,1.0
47,16,1.0
47,17,1.0
47,18,1.1
47,19,1.2
47,20,1.2
47,21,1.3
47,22,2.3
47,23,3.2
48,0,16.7
48,1,20.0
48,5,6.5
48,6,4.7
48,7,5.7
48,8,6.2
48,9,6.2
48,10,6.2
48,11,6.1
48,12,7.4
48,13,12.5
48,14,7.1
48,15,6.7
48,16,11.0
48,17,9.0
48,18,11.0
48,19,12.5
48,20,10.0
48,21,12.5
48,22,16.7
48,23,16.7
49,0,16.3
49,1,16.3
49,2,13.5
49,5,6.4
49,6,5.2
49,7,4.7
49,8,5.3
49,9,16.3
49,10,16.3
49,11,16.3
49,12,16.3
49,13,16.3
49,14,12.2
49,15,5.1
49,16,5.0
49,17,5.4
49,18,5.7
49,19,16.3
49,20,16.3
49,21,16.3
49,22,16.3
49,23,16.3
50,0,5.1
50,1,12.5
50,2,15.0
50,5,4.6
50,6,3.1
50,7,2.8
50,8,2.8
50,9,3.4
50,10,3.4
50,11,4.5
50,12,3.1
50,13,3.1
50,14,3.2
50,15,2.6
50,16,2.6
50,17,2.8
50,18,2.7
50,19,5.3
50,20,5.3
50,21,5.8
50,22,4.7
50,23,4.7
51,0,4.4
51,1,6.2
51,2,15.0
51,5,2.4
51,6,2.7
51,7,2.2
51,8,2.3
51,9,2.5
51,10,2.4
51,11,2.4
51,12,2.3
51,13,2.5
51,14,2.5
51,15,2.4
51,16,2.8
51,17,2.6
51,18,2.4
51,19,3.9
51,20,4.2
51,21,4.5
51,22,4.5
51,23,5.1
52,0,1.6
52,1,2.3
52,2,4.8
52,4,10.0
52,5,1.6
52,6,1.3
52,7,1.5
52,8,1.5
52,9,1.3
52,10,1.4
52,11,1.4
52,12,1.3
52,13,1.2
52,14,1.3
52,15,1.3
52,16,1.4
52,17,1.2
52,18,1.4
52,19,1.5
52,20,1.5
52,21,1.6
52,22,1.5
52,23,1.7
53,0,1.9
53,1,2.3
53,2,3.9
53,4,13.0
53,5,4.0
53,6,1.8
53,7,2.1
53,8,1.7
53,9,2.2
53,10,2.1
53,11,1.7
53,12,1.9
53,13,1.8
53,14,1.7
53,15,1.8
53,16,1.7
53,17,1.8
53,18,1.7
53,19,1.8
53,20,1.5
53,21,1.7
53,22,1.6
53,23,1.9
54,0,2.5
54,1,9.5
54,5,3.1
54,6,1.6
54,7,1.4
54,8,1.4
54,9,1.7
54,10,1.8
54,11,1.8
54,12,1.7
54,13,1.7
54,14,1.6
54,15,1.6
54,16,1.6
54,17,2.1
54,18,2.1
54,19,1.8
54,20,2.5
54,21,2.5
54,22,3.1
54,23,2.5
55,0,8.8
55,1,4.7
55,5,7.2
55,6,8.8
55,7,6.0
55,8,5.4
55,9,5.2
55,10,5.3
55,11,5.3
55,12,5.2
55,13,5.0
55,14,5.0
55,15,3.9
55,16,3.9
55,17,3.9
55,18,4.2
55,19,8.4
55,20,8.8
55,21,8.8
55,22,8.8
55,23,8.8
57,0,4.0
57,1,8.5
57,4,3.0
57,5,3.5
57,6,3.2
57,7,3.4
57,8,3.3
57,9,2.8
57,10,2.8
57,11,2.8
57,12,2.5
57,13,2.7
57,14,2.6
57,15,3.0
57,16,3.0
57,17,2.6
57,18,3.2
57,19,3.2
57,20,4.6
57,21,2.9
57,22,3.7
57,23,4.2
59,0,8.5
59,1,7.5
59,5,7.0
59,6,5.3
59,7,4.1
59,8,3.6
59,9,3.6
59,10,3.9
59,11,3.4
59,12,3.9
59,13,3.8
59,14,3.7
59,15,3.9
59,16,3.5
59,17,3.4
59,18,3.2
59,19,3.9
59,20,4.9
59,21,7.4
59,22,8.4
59,23,8.4
60,0,2.2
60,1,2.7
60,2,10.5
60,4,10.0
60,5,2.6
60,6,2.1
60,7,1.8
60,8,2.0
60,9,1.9
60,10,2.2
60,11,2.0
60,12,1.8
60,13,1.8
60,14,2.5
60,15,2.5
60,16,2.5
60,17,2.5
60,18,2.0
60,19,2.0
60,20,2.1
60,21,2.1
60,22,2.1
60,23,2.4
61,0,20.0
61,1,20.0
61,5,6.7
61,6,4.4
61,7,3.2
61,8,3.4
61,9,3.7
61,10,3.4
61,11,3.9
61,12,4.5
61,13,4.2
61,14,5.0
61,15,4.0
61,16,4.5
61,17,4.1
61,18,4.4
61,19,6.0
61,20,8.6
61,21,8.6
61,22,13.7
61,23,20.0
62,0,3.8
62,1,4.0
62,5,4.4
62,6,3.5
62,7,3.4
62,8,3.6
62,9,4.1
62,10,4.1
62,11,4.1
62,12,4.1
62,13,4.8
62,14,4.5
62,15,4.2
62,16,4.2
62,17,4.5
62,18,4.5
62,19,3.9
62,20,3.6
62,21,3.6
62,22,3.6
62,23,3.4
63,0,1.5
63,1,2.0
63,2,12.5
63,5,2.0
63,6,1.4
63,7,1.1
63,8,1.3
63,9,1.2
63,10,1.3
63,11,1.3
63,12,1.3
63,13,1.2
63,14,1.2
63,15,1.1
63,16,1.1
63,17,1.1
63,18,1.1
63,19,1.1
63,20,1.3
63,21,1.1
63,22,1.4
63,23,1.4
64,0,10.4
64,1,15.0
64,5,5.2
64,6,4.1
64,7,4.1
64,8,4.1
64,9,3.1
64,10,3.1
64,11,3.1
64,12,4.0
64,13,4.6
64,14,3.2
64,15,3.2
64,16,3.2
64,17,3.2
64,18,3.2
64,19,5.0
64,20,6.5
64,21,6.5
64,22,10.4
64,23,10.4
65,0,3.2
65,1,3.5
65,5,2.9
65,6,2.6
65,7,2.2
65,8,2.3
65,9,3.2
65,10,2.9
65,11,3.3
65,12,2.9
65,13,3.1
65,14,2.9
65,15,2.8
65,16,2.7
65,17,2.7
65,18,2.8
65,19,4.6
65,20,5.0
65,21,5.0
65,22,3.5
65,23,3.2
66,0,2.3
66,1,3.2
66,5,9.0
66,6,3.0
66,7,2.6
66,8,2.0
66,9,3.1
66,10,2.7
66,11,2.8
66,12,3.5
66,13,4.0
66,14,3.8
66,15,2.7
66,16,2.3
66,17,2.4
66,18,2.5
66,19,3.1
66,20,3.1
66,21,3.4
66,22,2.1
66,23,2.3
67,0,7.2
67,1,10.0
67,5,6.7
67,6,2.3
67,7,2.4
67,8,2.5
67,9,3.0
67,10,3.6
67,11,2.9
67,12,3.5
67,13,4.0
67,14,4.1
67,15,3.1
67,16,3.2
67,17,3.5
67,18,3.2
67,19,4.1
67,20,4.1
67,21,4.5
67,22,5.0
67,23,5.4
68,0,4.7
68,1,4.8
68,2,9.0
68,5,2.8
68,6,3.1
68,7,2.5
68,8,2.5
68,9,2.3
68,10,2.3
68,11,2.5
68,12,2.5
68,13,2.5
68,14,2.6
68,15,2.1
68,16,2.3
68,17,2.2
68,18,2.3
68,19,3.2
68,20,3.9
68,21,2.9
68,22,3.3
68,23,3.5
69,0,3.6
69,1,3.9
69,2,8.0
69,5,6.3
69,6,3.9
69,7,3.4
69,8,3.6
69,9,3.9
69,10,4.2
69,11,4.4
69,12,3.4
69,13,3.6
69,14,3.7
69,15,4.0
69,16,3.7
69,17,3.8
69,18,4.2
69,19,4.2
69,20,4.0
69,21,4.2
69,22,3.9
69,23,4.5
70,0,2.7
70,1,11.4
70,5,5.7
70,6,3.2
70,7,2.7
70,8,2.9
70,9,2.7
70,10,3.1
70,11,2.7
70,12,2.5
70,13,2.7
70,14,2.4
70,15,2.6
70,16,2.8
70,17,2.8
70,18,2.7
70,19,2.6
70,20,2.4
70,21,2.4
70,22,2.5
70,23,2.5
71,0,7.6
71,1,38.0
71,5,5.6
71,6,4.1
71,7,2.9
71,8,3.3
71,9,3.4
71,10,3.2
71,11,3.4
71,12,4.1
71,13,4.3
71,14,4.3
71,15,5.5
71,16,5.5
71,17,5.5
71,18,4.1
71,19,3.2
71,20,3.5
71,21,3.3
71,22,4.8
71,23,7.6
72,0,2.4
72,1,7.0
72,5,2.0
72,6,2.2
72,7,1.8
72,8,1.7
72,9,1.7
72,10,1.7
72,11,1.9
72,12,1.5
72,13,1.5
72,14,1.6
72,15,1.7
72,16,1.7
72,17,1.6
72,18,1.6
72,19,1.9
72,20,1.9
72,21,1.9
72,22,2.4
72,23,2.5
73,0,4.6
73,1,11.7
73,4,5.0
73,5,3.5
73,6,2.0
73,7,1.6
73,8,1.9
73,9,2.3
73,10,2.1
73,11,2.2
73,12,2.2
73,13,2.1
73,14,1.8
73,15,2.0
73,16,2.0
73,17,2.0
73,18,2.1
73,19,3.8
73,20,5.4
73,21,4.2
73,22,4.7
73,23,4.5
74,0,4.6
74,5,5.9
74,6,3.6
74,7,3.4
74,8,4.3
74,9,6.4
74,10,6.7
74,11,7.3
74,12,6.0
74,13,7.3
74,14,7.4
74,15,4.2
74,16,4.9
74,17,5.6
74,18,4.9
74,19,4.3
74,20,4.0
74,21,4.0
74,22,5.0
74,23,5.0
75,0,3.8
75,5,3.6
75,6,2.1
75,7,1.9
75,8,2.0
75,9,2.1
75,10,2.2
75,11,2.0
75,12,2.5
75,13,2.5
75,14,2.5
75,15,2.3
75,16,2.4
75,17,2.2
75,18,2.5
75,19,2.9
75,20,3.4
75,21,3.2
75,22,3.9
75,23,3.6
76,0,2.5
76,1,3.3
76,2,8.0
76,5,4.4
76,6,2.0
76,7,1.5
76,8,1.7
76,9,1.9
76,10,1.8
76,11,1.8
76,12,2.7
76,13,3.0
76,14,2.5
76,15,2.5
76,16,2.5
76,17,2.5
76,18,2.2
76,19,2.5
76,20,2.7
76,21,2.4
76,22,2.3
76,23,2.5
77,0,5.3
77,1,6.5
77,5,6.3
77,6,3.5
77,7,3.1
77,8,3.1
77,9,4.7
77,10,5.1
77,11,5.1
77,12,5.1
77,13,5.1
77,14,5.1
77,15,3.7
77,16,3.7
77,17,3.7
77,18,3.7
77,19,4.9
77,20,4.6
77,21,4.8
77,22,4.6
77,23,5.4
78,0,11.2
78,6,5.5
78,7,5.8
78,8,6.4
78,9,10.0
78,10,6.6
78,11,7.3
78,12,6.2
78,13,5.3
78,14,5.0
78,15,4.5
78,16,3.8
78,17,4.5
78,18,4.1
78,19,6.1
78,20,6.8
78,21,7.4
78,22,9.2
78,23,8.8
79,0,4.5
79,1,7.0
79,5,5.4
79,6,2.8
79,7,2.7
79,8,2.3
79,9,2.8
79,10,2.9
79,11,3.1
79,12,3.7
79,13,3.7
79,14,3.5
79,15,3.0
79,16,3.0
79,17,3.0
79,18,3.0
79,19,3.0
79,20,3.3
79,21,3.6
79,22,4.8
79,23,5.1
80,0,4.8
80,1,5.3
80,5,4.0
80,6,3.7
80,7,4.2
80,8,2.9
80,9,3.7
80,10,3.9
80,11,3.3
80,12,3.9
80,13,3.1
80,14,3.5
80,15,2.5
80,16,3.0
80,17,2.8
80,18,2.7
80,19,3.9
80,20,3.8
80,21,3.5
80,22,3.8
80,23,4.8
82,0,7.5
82,6,6.8
82,7,4.8
82,8,6.2
82,9,6.1
82,10,6.1
82,11,6.2
82,12,4.8
82,13,5.0
82,14,5.0
82,15,4.7
82,16,5.0
82,17,4.8
82,18,4.9
82,19,5.5
82,20,7.0
82,21,5.7
82,22,10.0
82,23,10.0
83,0,3.9
83,1,15.0
83,5,6.0
83,6,3.1
83,7,2.6
83,8,2.5
83,9,3.6
83,10,3.1
83,11,3.4
83,12,3.9
83,13,3.9
83,14,3.6
83,15,2.9
83,16,3.4
83,17,3.0
83,18,2.6
83,19,3.2
83,20,3.5
83,21,3.6
83,22,3.2
83,23,3.2
84,0,2.3
84,1,4.4
84,2,7.5
84,5,2.1
84,6,1.4
84,7,1.4
84,8,1.4
84,9,1.4
84,10,1.5
84,11,1.4
84,12,1.4
84,13,1.4
84,14,1.4
84,15,1.4
84,16,1.3
84,17,1.4
84,18,1.5
84,19,1.6
84,20,1.5
84,21,1.7
84,22,2.0
84,23,2.1
85,0,3.4
85,1,5.5
85,2,15.0
85,5,3.1
85,6,2.0
85,7,1.9
85,8,1.6
85,9,2.0
85,10,1.9
85,11,2.0
85,12,1.9
85,13,1.8
85,14,1.8
85,15,1.8
85,16,1.7
85,17,1.8
85,18,1.7
85,19,2.0
85,20,2.2
85,21,2.4
85,22,3.2
85,23,3.1
86,0,2.2
86,1,6.4
86,5,2.5
86,6,1.7
86,7,1.7
86,8,1.6
86,9,1.6
86,10,1.4
86,11,1.7
86,12,1.8
86,13,1.9
86,14,1.6
86,15,1.5
86,16,1.5
86,17,1.5
86,18,1.6
86,19,1.8
86,20,2.1
86,21,2.0
86,22,2.2
86,23,2.2
87,0,2.4
87,1,7.4
87,5,4.5
87,6,3.5
87,7,3.0
87,8,3.3
87,9,2.5
87,10,2.5
87,11,2.5
87,12,3.3
87,13,3.3
87,14,2.7
87,15,2.4
87,16,2.4
87,17,2.6
87,18,3.4
87,19,3.4
87,20,3.3
87,21,3.1
87,22,2.3
87,23,2.3
88,0,3.8
88,1,4.7
88,5,3.0
88,6,2.5
88,7,2.7
88,8,2.5
88,9,3.0
88,10,3.1
88,11,3.2
88,12,3.1
88,13,3.1
88,14,2.6
88,15,2.6
88,16,2.6
88,17,2.8
88,18,2.6
88,19,3.7
88,20,3.4
88,21,3.8
88,22,3.2
88,23,3.5
89,0,2.3
89,1,3.6
89,2,3.0
89,4,2.0
89,5,3.1
89,6,2.7
89,7,2.5
89,8,3.4
89,9,3.4
89,10,2.9
89,11,2.4
89,12,2.8
89,13,2.5
89,14,2.2
89,15,2.2
89,16,2.2
89,17,2.1
89,18,2.2
89,19,2.2
89,20,2.0
89,21,2.2
89,22,2.3
89,23,2.3
90,0,20.0
90,1,15.7
90,2,7.0
90,5,4.6
90,6,9.0
90,7,3.7
90,8,2.4
90,9,2.2
90,10,2.1
90,11,2.1
90,12,2.1
90,13,2.0
90,14,2.0
90,15,2.0
90,16,2.0
90,17,2.0
90,18,2.1
90,19,2.4
90,20,2.4
90,21,2.1
90,22,20.0
90,23,20.0
91,0,25.0
91,1,12.0
91,5,6.1
91,6,3.9
91,7,3.2
91,8,3.1
91,9,3.9
91,10,3.8
91,11,4.2
91,12,4.1
91,13,4.7
91,14,4.7
91,15,4.7
91,16,5.1
91,17,5.2
91,18,5.4
91,19,13.0
91,20,12.5
91,21,9.0
91,22,25.0
91,23,25.0
92,0,2.8
92,1,5.5
92,5,9.2
92,6,3.6
92,7,2.5
92,8,2.0
92,9,2.6
92,10,2.3
92,11,2.3
92,12,2.5
92,13,2.5
92,14,2.3
92,15,2.4
92,16,2.3
92,17,2.4
92,18,2.3
92,19,2.8
92,20,3.1
92,21,3.1
92,22,3.4
92,23,3.0
93,0,5.0
93,1,10.0
93,6,4.6
93,7,4.4
93,8,5.2
93,9,4.7
93,10,4.7
93,11,4.7
93,12,4.7
93,13,4.7
93,14,4.7
93,15,4.7
93,16,4.7
93,17,4.7
93,18,4.7
93,19,5.0
93,20,5.2
93,21,5.0
93,22,6.2
93,23,5.4
94,0,2.6
94,1,2.3
94,5,2.0
94,6,3.1
94,7,3.3
94,8,2.9
94,9,2.8
94,10,2.8
94,11,2.8
94,12,3.3
94,13,3.3
94,14,2.9
94,15,2.8
94,16,2.8
94,17,2.8
94,18,3.1
94,19,4.5
94,20,4.5
94,21,3.5
94,22,2.5
94,23,2.6
95,0,2.2
95,1,7.5
95,2,15.0
95,4,4.0
95,5,2.4
95,6,2.2
95,7,1.8
95,8,1.7
95,9,1.7
95,10,1.9
95,11,1.6
95,12,1.6
95,13,1.6
95,14,1.6
95,15,1.5
95,16,1.6
95,17,1.6
95,18,1.7
95,19,2.0
95,20,1.9
95,21,2.0
95,22,1.7
95,23,2.0
96,0,3.4
96,1,7.9
96,2,12.5
96,4,5.9
96,5,1.7
96,6,2.0
96,7,2.4
96,8,1.9
96,9,1.8
96,10,1.9
96,11,1.8
96,12,1.9
96,13,1.8
96,14,2.0
96,15,2.0
96,16,2.0
96,17,2.0
96,18,1.9
96,19,2.1
96,20,2.0
96,21,1.9
96,22,3.1
96,23,3.1
97,0,5.2
97,1,13.0
97,5,6.1
97,6,3.0
97,7,2.8
97,8,3.0
97,9,3.8
97,10,3.9
97,11,3.2
97,12,3.1
97,13,3.5
97,14,3.5
97,15,2.9
97,16,3.9
97,17,3.8
97,18,4.2
97,19,3.9
97,20,4.0
97,21,3.8
97,22,4.5
97,23,6.9
98,0,6.3
98,1,1.0
98,5,3.9
98,6,4.4
98,7,3.4
98,8,3.3
98,9,4.0
98,10,4.9
98,11,5.0
98,12,6.8
98,13,7.4
98,14,5.8
98,15,7.1
98,16,5.3
98,17,5.8
98,18,5.9
98,19,6.2
98,20,5.8
98,21,5.0
98,22,4.5
98,23,6.3
99,3,13.0
99,4,4.7
99,5,5.0
99,6,6.7
99,7,6.7
99,8,6.7
99,9,2.9
99,10,3.0
99,11,3.0
99,12,2.8
99,13,2.6
99,14,2.8
99,15,3.9
99,16,3.9
99,17,3.1
99,18,3.1
99,19,3.1
99,20,3.1
99,21,3.2
99,22,4.3
100,0,5.0
100,5,1.8
100,6,1.9
100,7,1.5
100,8,1.6
100,9,1.9
100,10,2.2
100,11,2.1
100,12,2.9
100,13,2.9
100,14,2.5
100,15,2.5
100,16,2.5
100,17,2.5
100,18,2.4
100,19,3.2
100,20,3.2
100,21,2.9
100,22,5.0
100,23,5.3
101,0,5.3
101,1,19.0
101,5,8.3
101,6,6.4
101,7,4.3
101,8,4.0
101,9,4.1
101,10,15.5
101,11,10.3
101,12,10.3
101,13,8.5
101,14,7.3
101,15,6.2
101,16,4.4
101,17,3.9
101,18,6.6
101,19,15.0
101,20,10.7
101,21,6.0
101,22,5.3
101,23,7.4
102,0,2.1
102,1,1.9
102,2,7.0
102,4,3.7
102,5,2.2
102,6,2.0
102,7,1.8
102,8,1.8
102,9,1.8
102,10,1.8
102,11,1.8
102,12,1.4
102,13,1.4
102,14,1.4
102,15,1.4
102,16,1.5
102,17,1.5
102,18,1.5
102,19,1.4
102,20,1.5
102,21,1.6
102,22,1.7
102,23,2.0
103,0,5.6
103,1,7.0
103,5,7.2
103,6,4.4
103,7,3.7
103,8,4.2
103,9,4.6
103,10,5.0
103,11,5.0
103,12,3.9
103,13,3.5
103,14,3.6
103,15,3.2
103,16,4.1
103,17,4.7
103,18,4.0
103,19,3.7
103,20,3.7
103,21,3.5
103,22,4.7
103,23,4.9
104,0,4.4
104,1,4.0
104,5,9.5
104,6,5.3
104,7,3.5
104,8,6.0
104,9,4.6
104,10,4.1
104,11,4.4
104,12,4.3
104,13,4.1
104,14,5.0
104,15,4.8
104,16,4.1
104,17,4.4
104,18,4.5
104,19,4.5
104,20,4.0
104,21,4.1
104,22,4.4
104,23,4.3
105,0,14.3
105,1,15.0
105,2,15.0
105,5,13.0
105,6,3.1
105,7,2.5
105,8,2.8
105,9,3.1
105,10,3.7
105,11,3.7
105,12,4.6
105,13,4.1
105,14,4.5
105,15,3.9
105,16,3.7
105,17,3.8
105,18,3.7
105,19,6.3
105,20,9.0
105,21,7.0
105,22,12.5
105,23,12.7
106,0,3.1
106,1,14.2
106,2,15.0
106,5,3.9
106,6,3.6
106,7,3.0
106,8,2.7
106,9,3.0
106,10,3.7
106,11,4.5
106,12,3.1
106,13,3.2
106,14,3.3
106,15,2.9
106,16,3.0
106,17,3.2
106,18,3.1
106,19,3.2
106,20,2.8
106,21,2.6
106,22,3.2
106,23,2.9
107,0,3.9
107,1,5.0
107,5,6.6
107,6,5.9
107,7,3.9
107,8,3.9
107,9,5.8
107,10,3.8
107,11,4.2
107,12,5.0
107,13,5.3
107,14,6.0
107,15,6.9
107,16,7.3
107,17,7.6
107,18,8.0
107,19,6.9
107,20,6.3
107,21,7.0
107,22,6.5
107,23,6.0
108,0,9.0
108,1,15.0
108,5,2.8
108,6,2.2
108,7,2.0
108,8,2.3
108,9,2.4
108,10,2.2
108,11,2.4
108,12,2.7
108,13,2.9
108,14,2.2
108,15,2.3
108,16,2.2
108,17,2.2
108,18,2.5
108,19,3.5
108,20,3.9
108,21,4.4
108,22,6.2
108,23,8.0
109,0,5.2
109,1,12.5
109,5,9.0
109,6,3.6
109,7,4.0
109,8,3.9
109,9,4.3
109,10,3.9
109,11,4.7
109,12,3.9
109,13,4.0
109,14,3.9
109,15,4.2
109,16,4.0
109,17,4.2
109,18,3.8
109,19,4.9
109,20,5.6
109,21,4.4
109,22,4.8
109,23,4.1
110,0,3.8
110,1,7.1
110,2,18.0
110,5,3.0
110,6,2.4
110,7,1.9
110,8,2.5
110,9,3.3
110,10,3.5
110,11,3.5
110,12,3.1
110,13,3.1
110,14,2.3
110,15,2.2
110,16,2.6
110,17,2.6
110,18,2.8
110,19,2.8
110,20,3.5
110,21,3.2
110,22,3.5
110,23,3.8
111,0,4.2
111,1,6.7
111,5,4.6
111,6,2.7
111,7,2.6
111,8,2.6
111,9,3.2
111,10,2.7
111,11,3.1
111,12,3.0
111,13,3.3
111,14,2.9
111,15,2.7
111,16,3.0
111,17,2.6
111,18,2.7
111,19,3.2
111,20,3.2
111,21,3.3
111,22,4.5
111,23,3.7
112,0,4.2
112,1,7.0
112,5,5.6
112,6,2.8
112,7,2.9
112,8,2.9
112,9,2.8
112,10,2.9
112,11,2.9
112,12,2.6
112,13,3.1
112,14,2.5
112,15,3.2
112,16,2.7
112,17,3.0
112,18,3.1
112,19,3.9
112,20,3.6
112,21,4.1
112,22,4.1
112,23,5.0
113,0,4.5
113,1,11.7
113,2,8.0
113,5,4.0
113,6,4.6
113,7,3.6
113,8,3.5
113,9,4.4
113,10,4.1
113,11,3.8
113,12,3.8
113,13,4.2
113,14,4.5
113,15,3.8
113,16,3.9
113,17,4.5
113,18,4.1
113,19,4.0
113,20,4.4
113,21,4.2
113,22,4.0
113,23,3.9
114,0,3.6
114,1,13.2
114,5,4.3
114,6,2.5
114,7,2.2
114,8,2.5
114,9,3.1
114,10,3.1
114,11,2.8
114,12,2.5
114,13,2.5
114,14,2.5
114,15,2.5
114,16,2.5
114,17,2.5
114,18,2.5
114,19,3.9
114,20,3.9
114,21,3.9
114,22,3.1
114,23,3.1
115,6,12.0
115,7,7.7
115,8,5.1
115,9,6.2
115,10,5.5
115,11,4.6
115,12,6.5
115,13,5.6
115,14,5.9
115,15,4.6
115,16,5.0
115,17,5.0
115,18,4.5
115,19,5.4
115,20,6.1
115,21,4.6
115,22,6.8
116,0,2.5
116,1,7.0
116,2,15.0
116,4,4.0
116,5,2.0
116,6,2.0
116,7,1.9
116,8,2.1
116,9,2.5
116,10,2.5
116,11,2.1
116,12,1.7
116,13,1.7
116,14,1.7
116,15,1.6
116,16,1.7
116,17,1.7
116,18,1.7
116,19,1.6
116,20,2.0
116,21,1.9
116,22,2.4
116,23,2.5
117,0,3.9
117,1,7.0
117,5,10.5
117,6,4.2
117,7,3.4
117,8,3.7
117,9,3.7
117,10,3.4
117,11,3.8
117,12,4.1
117,13,4.2
117,14,4.4
117,15,4.1
117,16,4.5
117,17,4.5
117,18,4.8
117,19,4.3
117,20,4.5
117,21,4.1
117,22,3.4
117,23,3.0
118,0,10.2
118,1,10.5
118,5,7.2
118,6,4.2
118,7,3.6
118,8,4.7
118,9,3.3
118,10,4.8
118,11,4.5
118,12,5.4
118,13,3.6
118,14,4.5
118,15,4.3
118,16,4.2
118,17,5.2
118,18,4.1
118,19,4.2
118,20,4.5
118,21,4.4
118,22,5.7
118,23,10.2
119,5,8.0
119,6,9.2
119,7,9.2
119,8,9.4
119,9,15.0
119,10,14.7
119,11,14.7
119,12,14.7
119,13,12.5
119,14,10.8
119,15,12.5
119,16,12.5
119,17,12.5
119,18,14.3
119,19,17.0
120,0,6.2
120,1,10.5
120,6,6.8
120,7,11.2
120,8,8.2
120,9,6.4
120,10,9.8
120,11,6.3
120,12,7.1
120,13,6.9
120,14,5.9
120,15,5.0
120,16,4.8
120,17,5.0
120,18,4.5
120,19,4.4
120,20,7.0
120,21,7.0
120,22,11.7
120,23,11.7
121,0,4.1
121,1,3.5
121,6,3.4
121,7,3.4
121,8,3.6
121,9,3.4
121,10,3.4
121,11,3.3
121,12,2.8
121,13,2.5
121,14,2.5
121,15,2.8
121,16,2.6
121,17,2.7
121,18,2.8
121,19,3.8
121,20,3.9
121,21,3.9
121,22,4.1
121,23,4.1
122,0,12.3
122,1,15.0
122,5,4.0
122,6,3.6
122,7,4.0
122,8,3.6
122,9,4.9
122,10,6.5
122,11,5.8
122,12,6.4
122,13,6.4
122,14,6.4
122,15,4.0
122,16,4.0
122,17,4.0
122,18,4.0
122,19,4.5
122,20,6.8
122,21,6.8
122,22,8.8
122,23,12.3
123,0,2.9
123,1,4.9
123,5,5.0
123,6,2.1
123,7,1.8
123,8,1.8
123,9,2.1
123,10,1.9
123,11,2.2
123,12,1.8
123,13,2.1
123,14,1.7
123,15,1.7
123,16,1.6
123,17,1.7
123,18,1.7
123,19,2.1
123,20,2.4
123,21,2.1
123,22,2.3
123,23,2.8
124,0,14.7
124,1,14.7
124,5,4.3
124,6,3.7
124,7,4.9
124,8,5.4
124,9,5.2
124,10,5.0
124,11,6.0
124,12,6.0
124,13,5.0
124,14,6.0
124,15,4.8
124,16,5.1
124,17,5.4
124,18,4.9
124,19,6.6
124,20,6.6
124,21,6.6
124,22,14.7
124,23,14.7
125,0,14.0
125,1,12.0
125,5,9.0
125,6,4.2
125,7,3.5
125,8,3.3
125,9,3.9
125,10,8.4
125,11,8.4
125,12,8.4
125,13,8.4
125,14,8.4
125,15,3.9
125,16,3.9
125,17,3.9
125,18,3.9
125,19,4.1
125,20,8.1
125,21,8.1
125,22,8.1
125,23,14.0
126,0,15.0
126,5,11.0
126,6,7.0
126,7,5.9
126,8,5.2
126,9,6.6
126,10,9.2
126,11,9.2
126,12,9.2
126,13,9.2
126,14,7.4
126,15,5.1
126,16,5.3
126,17,5.8
126,18,5.1
126,19,11.2
126,20,15.0
126,21,15.0
126,22,15.0
126,23,15.0
127,0,6.4
127,1,1.0
127,6,4.8
127,7,3.8
127,8,3.7
127,9,4.1
127,10,3.9
127,11,4.5
127,12,4.8
127,13,5.4
127,14,5.0
127,15,5.7
127,16,6.1
127,17,5.6
127,18,5.3
127,19,5.4
127,20,7.0
127,21,7.8
127,22,6.6
127,23,8.7
129,0,3.2
129,1,7.3
129,2,15.0
129,4,20.0
129,5,2.6
129,6,2.1
129,7,1.9
129,8,1.8
129,9,1.7
129,10,1.8
129,11,1.9
129,12,1.9
129,13,2.0
129,14,1.9
129,15,1.9
129,16,2.1
129,17,2.1
129,18,2.0
129,19,2.3
129,20,2.4
129,21,2.5
129,22,2.3
129,23,3.0
130,0,4.9
130,1,3.0
130,5,5.0
130,6,6.3
130,7,5.5
130,8,5.9
130,9,5.4
130,10,5.3
130,11,5.8
130,12,5.4
130,13,6.4
130,14,6.1
130,15,5.8
130,16,6.3
130,17,6.3
130,18,5.5
130,19,5.9
130,20,5.8
130,21,5.1
130,22,5.1
130,23,4.9
131,0,4.6
131,1,5.6
131,5,4.1
131,6,4.0
131,7,2.7
131,8,2.9
131,9,3.3
131,10,3.8
131,11,3.1
131,12,2.5
131,13,2.9
131,14,2.8
131,15,2.8
131,16,2.6
131,17,2.9
131,18,2.8
131,19,3.4
131,20,3.3
131,21,3.2
131,22,3.1
131,23,5.3
132,0,5.0
132,1,5.6
132,5,7.0
132,6,7.4
132,7,6.9
132,8,7.2
132,9,6.5
132,10,7.4
132,11,7.4
132,12,7.4
132,13,6.9
132,14,7.4
132,15,7.0
132,16,6.5
132,17,5.8
132,18,7.1
132,19,7.7
132,20,6.9
132,21,7.7
132,22,5.0
132,23,5.0
133,0,12.5
133,1,17.0
133,4,6.0
133,5,2.7
133,6,2.0
133,7,2.1
133,8,3.1
133,9,3.1
133,10,2.5
133,11,3.0
133,12,5.4
133,13,4.4
133,14,2.8
133,15,3.0
133,16,3.0
133,17,3.0
133,18,3.1
133,19,6.2
133,20,5.6
133,21,6.0
133,22,7.7
133,23,9.7
134,0,8.3
134,1,11.3
134,5,4.5
134,6,4.0
134,7,3.5
134,8,2.8
134,9,2.8
134,10,2.9
134,11,3.0
134,12,3.6
134,13,3.1
134,14,3.0
134,15,3.2
134,16,2.8
134,17,2.8
134,18,3.3
134,19,4.5
134,20,4.8
134,21,5.4
134,22,5.9
134,23,7.3
135,0,6.2
135,1,7.5
135,5,10.0
135,6,5.7
135,7,4.8
135,8,5.6
135,9,4.5
135,10,5.3
135,11,5.4
135,12,4.7
135,13,3.8
135,14,4.1
135,15,4.2
135,16,5.1
135,17,4.6
135,18,4.7
135,19,4.2
135,20,5.2
135,21,5.6
135,22,5.0
135,23,6.2
149,0,5.9
149,1,11.8
149,6,3.5
149,7,3.5
149,8,5.2
149,9,4.7
149,10,5.4
149,11,5.0
149,12,5.1
149,13,5.9
149,14,5.9
149,15,5.0
149,16,6.6
149,17,5.7
149,18,5.5
149,19,5.6
149,20,6.2
149,21,5.2
149,22,6.7
149,23,5.9
151,0,9.2
151,1,15.3
151,2,15.0
151,5,6.0
151,6,4.6
151,7,4.1
151,8,4.4
151,9,4.8
151,10,5.3
151,11,4.6
151,12,7.6
151,13,7.6
151,14,5.0
151,15,4.8
151,16,5.8
151,17,4.6
151,18,4.7
151,19,3.4
151,20,3.4
151,21,3.3
151,22,6.0
151,23,6.9
154,0,4.6
154,1,4.8
154,2,10.7
154,5,5.6
154,6,3.9
154,7,5.0
154,8,3.7
154,9,3.7
154,10,4.0
154,11,4.6
154,12,4.2
154,13,4.0
154,14,4.1
154,15,4.8
154,16,4.2
154,17,4.0
154,18,4.7
154,19,5.6
154,20,4.0
154,21,4.9
154,22,4.9
154,23,5.0
156,5,7.0
156,6,5.3
156,7,4.5
156,8,4.7
156,9,5.4
156,10,5.0
156,11,5.6
156,12,6.2
156,13,6.2
156,14,6.2
156,15,6.2
156,16,6.2
156,17,6.2
156,18,6.2
156,19,7.8
158,0,20.0
158,1,19.0
158,5,4.3
158,6,2.9
158,7,2.6
158,8,3.6
158,9,3.7
158,10,4.0
158,11,4.1
158,12,2.8
158,13,3.1
158,14,2.7
158,15,2.7
158,16,3.1
158,17,2.9
158,18,2.6
158,19,5.1
158,20,9.0
158,21,8.7
158,22,8.8
158,23,20.0
160,5,10.5
160,6,10.0
160,7,7.5
160,8,10.2
160,9,8.6
160,10,5.8
160,11,6.7
160,12,7.7
160,13,6.2
160,14,6.2
160,15,9.6
160,16,8.0
160,17,9.6
160,18,7.8
160,19,8.8
160,20,12.0
160,21,15.0
161,0,4.3
161,5,3.4
161,6,3.1
161,7,3.3
161,8,4.2
161,9,5.1
161,10,8.2
161,11,7.6
161,12,4.5
161,13,5.3
161,14,3.4
161,15,3.4
161,16,3.4
161,17,3.1
161,18,3.0
161,19,3.8
161,20,4.9
161,21,5.0
161,22,4.8
161,23,4.5
162,5,11.0
162,6,19.7
162,7,14.8
162,8,19.7
162,9,19.7
162,10,19.7
162,11,19.7
162,12,19.7
162,13,19.7
162,14,19.7
162,15,19.7
162,16,19.7
162,17,19.7
162,18,19.7
162,19,19.7
162,20,19.7
162,21,19.7
164,0,25.0
164,5,5.3
164,6,5.1
164,7,3.6
164,8,4.6
164,9,6.2
164,10,6.6
164,11,5.1
164,12,15.0
164,13,30.0
164,14,16.7
164,15,10.0
164,16,11.0
164,17,11.0
164,18,9.0
164,19,11.7
164,20,16.7
164,21,13.3
164,22,18.3
164,23,25.0
165,0,2.5
165,1,4.4
165,2,10.4
165,4,3.0
165,5,1.6
165,6,1.8
165,7,1.7
165,8,1.6
165,9,1.6
165,10,1.7
165,11,1.8
165,12,1.9
165,13,1.8
165,14,1.9
165,15,2.0
165,16,2.1
165,17,2.1
165,18,2.1
165,19,1.8
165,20,1.6
165,21,1.7
165,22,1.7
165,23,2.5
166,5,12.5
166,6,11.4
166,7,12.5
166,8,11.0
166,9,8.0
166,14,9.0
166,15,12.5
166,16,12.5
166,17,11.3
166,18,12.5
166,19,16.0
167,0,30.0
167,1,30.0
167,6,30.0
167,7,30.0
167,8,30.0
167,9,30.0
167,10,30.0
167,11,30.0
167,12,30.0
167,13,30.0
167,14,30.0
167,15,15.0
167,16,30.0
167,17,30.0
167,18,30.0
167,19,30.0
167,20,30.0
167,21,30.0
167,22,30.0
167,23,30.0
168,0,22.0
168,1,14.5
168,2,11.0
168,4,4.0
168,5,4.5
168,6,3.2
168,7,2.8
168,8,3.8
168,9,2.9
168,10,3.2
168,11,3.1
168,12,2.6
168,13,2.6
168,14,3.2
168,15,3.9
168,16,3.9
168,17,3.6
168,18,3.4
168,19,2.7
168,20,3.7
168,21,4.4
168,22,6.6
168,23,22.0
169,0,15.0
169,1,15.0
169,5,14.0
169,6,15.0
169,7,15.0
169,8,15.0
169,9,15.0
169,10,15.0
169,11,15.0
169,12,15.0
169,13,15.0
169,14,15.0
169,15,15.0
169,16,15.0
169,17,15.0
169,18,15.0
169,19,15.0
169,20,15.0
169,21,15.0
169,22,15.0
169,23,15.0
171,0,8.6
171,4,10.4
171,5,4.4
171,6,4.6
171,7,3.2
171,8,5.1
171,9,5.8
171,10,5.6
171,11,6.2
171,12,4.2
171,13,3.9
171,14,4.2
171,15,4.2
171,16,3.9
171,17,3.9
171,18,4.5
171,19,5.3
171,20,9.2
171,21,9.2
171,22,9.4
171,23,9.4
184,0,4.5
184,1,6.8
184,6,6.8
184,7,4.3
184,8,4.7
184,9,4.4
184,10,4.5
184,11,4.3
184,12,4.3
184,13,4.7
184,14,5.6
184,15,4.4
184,16,4.8
184,17,5.2
184,18,5.2
184,19,3.7
184,20,4.4
184,21,4.3
184,22,5.4
184,23,5.1
185,0,18.0
185,1,10.7
185,2,14.0
185,5,7.0
185,6,7.4
185,7,4.1
185,8,5.7
185,9,5.9
185,10,4.3
185,11,5.7
185,12,9.4
185,13,7.3
185,14,11.0
185,15,12.5
185,16,9.3
185,17,11.0
185,18,10.2
185,19,14.0
185,20,20.0
185,21,20.0
185,22,18.0
185,23,18.0
189,0,5.1
189,1,1.0
189,5,6.1
189,6,5.7
189,7,4.5
189,8,4.2
189,9,4.7
189,10,3.8
189,11,3.8
189,12,4.2
189,13,4.5
189,14,4.9
189,15,5.2
189,16,4.5
189,17,5.2
189,18,4.3
189,19,4.5
189,20,4.7
189,21,4.7
189,22,5.4
189,23,4.3
191,0,6.7
191,1,8.5
191,5,4.0
191,6,4.4
191,7,3.5
191,8,3.0
191,9,2.9
191,10,3.3
191,11,3.2
191,12,4.8
191,13,4.9
191,14,3.6
191,15,4.5
191,16,4.5
191,17,4.3
191,18,4.2
191,19,5.9
191,20,7.4
191,21,7.4
191,22,7.1
191,23,7.1
203,8,9.4
203,9,9.4
203,10,9.4
203,11,9.4
203,12,9.4
203,13,9.4
203,14,9.4
203,15,9.4
203,16,9.4
203,17,9.4
203,18,9.4
203,19,7.0
300,1,3.2
300,2,2.8
300,3,3.2
300,4,2.8
300,5,3.1
300,6,2.1
300,7,2.8
300,8,8.0
307,2,9.0
307,3,13.3
307,4,16.0
307,5,3.2
307,6,6.5
307,7,7.1
315,1,1.0
315,2,10.3
315,3,10.3
315,4,15.5
315,5,10.3
315,6,10.3
315,7,15.5
316,2,15.0
316,3,13.7
316,4,13.7
316,5,15.0
316,6,13.7
316,7,11.0
320,1,2.1
320,2,1.6
320,3,3.4
320,4,3.1
320,5,1.7
320,6,2.0
320,7,2.0
322,2,10.7
322,3,10.7
322,4,15.0
322,5,10.7
322,6,10.7
322,7,2.0
324,2,20.5
324,3,13.7
324,4,20.5
324,5,15.0
324,6,13.7
324,7,20.5
325,2,9.2
325,3,10.7
325,4,8.2
325,5,4.8
329,1,15.0
329,2,9.3
329,3,10.3
329,4,14.7
329,5,2.8
329,6,5.4
329,7,5.4
329,8,10.0
334,1,4.0
334,2,4.3
334,3,8.0
334,4,6.5
334,5,3.3
334,6,3.4
334,7,8.0
335,2,6.8
335,3,10.0
335,4,13.0
335,5,4.0
335,6,8.8
335,7,12.0
336,1,6.7
336,2,5.9
336,3,8.0
336,4,8.3
336,5,2.4
336,6,2.6
336,7,5.2
337,2,15.7
337,3,15.3
337,4,16.2
337,5,6.8
337,6,12.7
337,7,8.0
339,2,13.3
339,3,8.1
339,4,7.7
339,5,11.5
339,6,3.3
340,1,15.0
340,2,14.3
340,3,14.3
340,4,13.0
340,5,14.3
340,6,8.8
340,7,15.0
341,2,24.0
341,3,16.0
341,4,12.0
341,5,7.8
341,6,10.0
343,2,30.0
343,3,30.0
343,4,30.0
343,5,5.3
343,6,4.8
343,7,6.7
352,1,7.3
352,2,4.9
352,3,11.3
352,4,12.7
353,1,1.5
353,2,6.6
353,3,8.5
353,4,6.4
353,5,4.5
353,6,10.3
353,7,30.0
354,1,6.7
354,2,9.8
354,3,9.8
354,4,10.4
354,5,3.5
354,6,6.6
354,7,8.7
363,2,9.0
363,3,11.0
363,4,16.5
363,5,5.0
365,2,14.7
365,3,14.7
365,4,14.7
365,5,14.0
365,6,14.7
365,7,14.0
384,2,15.0
384,3,16.0
384,4,15.8
384,5,11.2
384,6,16.0
385,2,15.0
385,3,10.3
385,4,7.7
385,5,6.3
385,6,8.2
385,7,13.3
386,2,15.5
386,3,10.3
386,4,9.6
386,5,5.7
386,6,5.1
386,7,8.0
395,2,10.8
395,3,14.3
395,4,7.8
395,5,5.8
395,6,8.2
395,7,14.3
396,2,10.0
396,3,10.0
396,4,12.5
400,8,17.0
400,13,3.0
402,12,30.0
403,10,37.0
403,12,38.0
403,15,38.0
403,16,38.0
404,12,30.0
404,13,5.0
404,14,5.0
404,15,5.0
404,16,5.0
405,9,5.0
405,10,5.0
405,12,40.0
405,13,13.0
405,16,5.0
805,0,5.2
805,1,8.5
805,22,9.5
805,23,5.2
900,0,3.2
900,1,10.4
900,2,15.0
900,5,3.2
900,6,1.8
900,7,2.0
900,8,1.4
900,9,1.4
900,10,1.4
900,11,1.4
900,12,1.6
900,13,1.7
900,14,1.6
900,15,1.7
900,16,1.7
900,17,1.8
900,18,1.6
900,19,2.5
900,20,3.0
900,21,3.0
900,22,2.9
900,23,3.2
902,6,6.9
902,7,9.6
902,8,12.0
902,9,12.0
902,10,12.0
902,11,12.0
902,12,12.0
902,13,12.0
902,14,12.0
902,15,9.6
902,16,12.0
902,17,12.0
902,18,10.8
902,19,12.5
903,0,3.8
903,1,4.3
903,5,4.4
903,6,2.4
903,7,2.8
903,8,2.8
903,9,2.9
903,10,2.9
903,11,2.7
903,12,2.5
903,13,2.5
903,14,2.3
903,15,2.7
903,16,2.8
903,17,2.8
903,18,2.8
903,19,2.6
903,20,2.6
903,21,2.9
903,22,4.1
903,23,3.8
904,0,3.4
904,6,6.6
904,7,3.6
904,8,3.1
904,9,3.3
904,10,3.3
904,11,3.3
904,12,2.7
904,13,2.7
904,14,2.7
904,15,3.0
904,16,3.0
904,17,3.0
904,18,3.0
904,19,3.1
904,20,2.9
904,21,3.1
904,22,3.9
904,23,3.9
905,6,6.0
905,7,3.2
905,8,2.9
905,9,2.4
905,10,2.4
905,11,2.6
905,12,3.3
905,13,3.3
905,14,3.5
905,15,3.1
905,16,3.1
905,17,3.4
905,18,3.1
905,19,5.7
905,20,5.7
905,21,5.7
905,22,9.8
906,0,8.8
906,1,16.3
906,4,6.0
906,5,5.0
906,6,5.0
906,7,5.0
906,8,5.0
906,9,5.2
906,10,5.2
906,11,4.4
906,12,3.8
906,13,3.8
906,14,3.8
906,15,3.8
906,16,3.8
906,17,3.8
906,18,4.1
906,19,5.0
906,20,5.0
906,21,5.0
906,22,6.6
906,23,6.6
924,6,5.4
924,7,5.2
924,8,5.0
924,14,10.0
924,15,10.0
924,16,10.0
924,17,10.0
924,18,10.0
925,5,3.0
925,6,4.4
925,7,2.4
925,8,1.8
925,9,2.0
925,10,2.0
925,11,2.0
925,12,2.3
925,13,2.2
925,14,2.2
925,15,2.1
925,16,2.2
925,17,2.2
925,18,2.3
925,19,5.7
925,20,6.5
925,21,7.0
925,22,7.0
927,0,2.5
927,5,3.5
927,6,1.7
927,7,1.5
927,8,1.5
927,9,1.8
927,10,1.6
927,11,1.6
927,12,1.7
927,13,1.8
927,14,1.7
927,15,1.5
927,16,1.5
927,17,1.5
927,18,1.8
927,19,2.0
927,20,1.9
927,21,1.9
927,22,2.3
927,23,2.1
929,6,4.5
929,7,3.5
929,8,1.7
929,9,1.8
929,10,2.0
929,11,1.8
929,12,1.9
929,13,1.8
929,14,1.7
929,15,1.8
929,16,1.8
929,17,1.8
929,18,1.9
929,19,3.7
929,20,4.0
929,21,4.2
929,22,5.0
935,5,6.4
935,6,6.2
935,7,4.8
935,8,2.3
935,9,2.5
935,10,2.3
935,11,2.2
935,12,2.0
935,13,1.8
935,14,1.7
935,15,1.8
935,16,1.8
935,17,1.8
935,18,2.0
935,19,6.6
935,20,6.6
935,21,6.6
937,6,7.9
937,7,16.0
937,8,16.0
937,9,16.0
937,15,9.4
937,16,6.7
937,17,6.6
937,18,6.5
937,19,9.5
938,7,15.0
938,8,15.0
938,9,15.0
938,14,15.0
938,15,15.0
938,16,15.0
938,17,15.0
938,18,15.0
939,0,15.0
939,5,3.6
939,6,2.4
939,7,2.0
939,8,1.8
939,9,2.2
939,10,2.3
939,11,1.7
939,12,1.7
939,13,1.7
939,14,1.4
939,15,1.6
939,16,1.6
939,17,1.6
939,18,1.7
939,19,1.9
939,20,2.3
939,21,2.3
939,22,6.1
939,23,15.0
941,6,9.2
941,7,6.9
941,8,7.4
941,14,7.1
941,15,6.9
941,16,6.9
941,17,6.9
941,18,7.0
941,19,9.8
944,5,7.8
944,6,9.7
944,7,3.9
944,8,3.8
944,9,3.9
944,10,3.9
944,11,3.9
944,12,3.9
944,13,3.9
944,14,3.9
944,15,3.8
944,16,3.7
944,17,3.7
944,18,3.9
945,6,5.1
945,7,6.5
945,8,5.3
945,9,6.0
945,14,6.0
945,15,4.8
945,16,4.8
945,17,4.8
945,18,4.9
945,19,8.2
952,6,3.4
952,7,3.9
952,8,3.9
952,9,6.8
952,14,3.0
952,15,3.9
952,16,3.9
952,17,3.9
952,18,3.9
952,19,10.2
953,5,13.3
953,6,5.7
953,7,5.9
953,8,5.7
953,14,8.5
953,15,7.0
953,16,7.0
953,17,6.9
953,18,9.3
954,6,5.0
954,7,4.1
954,8,4.6
954,15,5.2
954,16,4.7
954,17,5.0
954,18,5.6
960,5,4.2
960,6,3.3
960,7,3.1
960,8,2.0
960,9,2.1
960,10,2.1
960,11,1.8
960,12,1.9
960,13,1.8
960,14,2.0
960,15,2.0
960,16,2.1
960,17,2.0
960,18,1.9
960,19,4.5
960,20,5.0
960,21,4.7
968,6,8.0
968,7,5.7
968,8,5.9
968,9,7.3
968,15,9.0
968,16,9.0
968,17,8.6
968,18,9.7
984,6,5.3
984,7,4.2
984,8,4.8
984,9,18.0
984,14,3.5
984,15,4.8
984,16,4.8
984,17,4.8
984,18,5.0
984,19,8.0
985,6,6.4
985,7,5.9
985,8,9.8
985,14,6.7
985,15,5.6
985,16,7.1
985,17,7.6
985,18,16.0
986,6,3.0
986,7,3.0
986,8,4.2
986,15,7.1
986,16,5.6
986,17,5.6
986,18,8.3
989,6,7.6
989,7,7.6
989,8,7.7
989,14,7.1
989,15,6.6
989,16,6.6
989,17,6.6
989,18,7.5
989,19,11.0
995,5,10.0
995,6,6.4
995,7,5.1
995,8,6.6
995,9,4.9
995,10,4.9
995,11,4.9
995,12,4.9
995,13,4.9
995,14,5.0
995,15,5.0
995,16,5.0
995,17,5.0
995,18,5.0
995,19,3.0
996,5,5.7
996,6,3.8
996,7,5.1
996,8,5.1
996,9,5.6
996,10,5.7
996,11,6.2
996,12,6.2
996,13,5.0
996,14,4.4
996,15,4.8
996,16,4.8
996,17,4.8
996,18,4.8
996,19,11.0
